time_ps,epoch,sample_index,adc_data,lo_cos,lo_neg_sin,mix_i,mix_q
233000,0,0,801,32051,-6813,26836173,0
250000,0,1,748,29934,-13328,25672851,-5457213
267000,0,2,663,26509,-19260,22390632,-9969344
283000,0,3,548,21925,-24351,17575467,-12769380
300000,0,4,410,16384,-28377,12014900,-13344348
317000,0,5,253,10126,-31163,6717440,-11634570
333000,0,6,86,3425,-32587,2561878,-7884239
350000,0,7,-86,-3425,-32587,294550,-2802482
367000,0,8,-253,-10126,-31163,294550,2802482
383000,0,9,-410,-16383,-28377,2561878,7884239
400000,0,10,-548,-21925,-24351,6717030,11634570
417000,0,11,-663,-26509,-19260,12014900,13344348
433000,0,12,-748,-29934,-13328,17575467,12769380
450000,0,13,-801,-32051,-6813,22390632,9969344
467000,0,14,-819,-32767,0,25672851,5457213
483000,0,15,-801,-32051,6813,26836173,0
500000,0,16,-748,-29934,13328,25672851,-5457213
517000,0,17,-663,-26509,19260,22390632,-9969344
533000,0,18,-548,-21925,24351,17575467,-12769380
550000,0,19,-410,-16384,28377,12014900,-13344348
567000,0,20,-253,-10126,31163,6717440,-11634570
583000,0,21,-86,-3425,32587,2561878,-7884239
600000,0,22,86,3425,32587,294550,-2802482
617000,0,23,253,10126,31163,294550,2802482
633000,0,24,410,16384,28377,2561878,7884239
650000,0,25,548,21925,24351,6717440,11634570
667000,0,26,663,26509,19260,12014900,13344348
683000,0,27,748,29934,13328,17575467,12769380
700000,0,28,801,32051,6813,22390632,9969344
717000,0,29,819,32767,0,25672851,5457213
733000,0,30,801,32051,-6813,26836173,0
750000,0,31,748,29934,-13328,25672851,-5457213
767000,0,32,663,26509,-19260,22390632,-9969344
783000,0,33,548,21925,-24351,17575467,-12769380
800000,0,34,410,16384,-28377,12014900,-13344348
817000,0,35,253,10126,-31163,6717440,-11634570
833000,0,36,86,3425,-32587,2561878,-7884239
850000,0,37,-86,-3425,-32587,294550,-2802482
867000,0,38,-253,-10126,-31163,294550,2802482
883000,0,39,-410,-16383,-28377,2561878,7884239
900000,0,40,-548,-21925,-24351,6717030,11634570
917000,0,41,-663,-26509,-19260,12014900,13344348
933000,0,42,-748,-29934,-13328,17575467,12769380
950000,0,43,-801,-32051,-6813,22390632,9969344
967000,0,44,-819,-32767,0,25672851,5457213
983000,0,45,-801,-32051,6813,26836173,0
1000000,0,46,-748,-29934,13328,25672851,-5457213
1017000,0,47,-663,-26509,19260,22390632,-9969344
1033000,0,48,-548,-21925,24351,17575467,-12769380
1050000,0,49,-410,-16384,28377,12014900,-13344348
1067000,0,50,-253,-10126,31163,6717440,-11634570
1083000,0,51,-86,-3425,32587,2561878,-7884239
1100000,0,52,86,3425,32587,294550,-2802482
1117000,0,53,253,10126,31163,294550,2802482
1133000,0,54,410,16384,28377,2561878,7884239
1150000,0,55,548,21925,24351,6717440,11634570
1167000,0,56,663,26509,19260,12014900,13344348
1183000,0,57,748,29934,13328,17575467,12769380
1200000,0,58,801,32051,6813,22390632,9969344
1217000,0,59,819,32767,0,25672851,5457213
1233000,0,60,801,32051,-6813,26836173,0
1250000,0,61,748,29934,-13328,25672851,-5457213
1267000,0,62,663,26509,-19260,22390632,-9969344
1283000,0,63,548,21925,-24351,17575467,-12769380
1300000,0,64,410,16384,-28377,12014900,-13344348
1317000,0,65,253,10126,-31163,6717440,-11634570
1333000,0,66,86,3425,-32587,2561878,-7884239
1350000,0,67,-86,-3425,-32587,294550,-2802482
1367000,0,68,-253,-10126,-31163,294550,2802482
1383000,0,69,-410,-16383,-28377,2561878,7884239
1400000,0,70,-548,-21925,-24351,6717030,11634570
1417000,0,71,-663,-26509,-19260,12014900,13344348
1433000,0,72,-748,-29934,-13328,17575467,12769380
1450000,0,73,-801,-32051,-6813,22390632,9969344
1467000,0,74,-819,-32767,0,25672851,5457213
1483000,0,75,-801,-32051,6813,26836173,0
1500000,0,76,-748,-29934,13328,25672851,-5457213
1517000,0,77,-663,-26509,19260,22390632,-9969344
1533000,0,78,-548,-21925,24351,17575467,-12769380
1550000,0,79,-410,-16384,28377,12014900,-13344348
1567000,0,80,-253,-10126,31163,6717440,-11634570
1583000,0,81,-86,-3425,32587,2561878,-7884239
1600000,0,82,86,3425,32587,294550,-2802482
1617000,0,83,253,10126,31163,294550,2802482
1633000,0,84,410,16384,28377,2561878,7884239
1650000,0,85,548,21925,24351,6717440,11634570
1667000,0,86,663,26509,19260,12014900,13344348
1683000,0,87,748,29934,13328,17575467,12769380
1700000,0,88,801,32051,6813,22390632,9969344
1717000,0,89,819,32767,0,25672851,5457213
1733000,0,90,801,32051,-6813,26836173,0
1750000,0,91,748,29934,-13328,25672851,-5457213
1767000,0,92,663,26509,-19260,22390632,-9969344
1783000,0,93,548,21925,-24351,17575467,-12769380
1800000,0,94,410,16384,-28377,12014900,-13344348
1817000,0,95,253,10126,-31163,6717440,-11634570
1833000,0,96,86,3425,-32587,2561878,-7884239
1850000,0,97,-86,-3425,-32587,294550,-2802482
1867000,0,98,-253,-10126,-31163,294550,2802482
1883000,0,99,-410,-16383,-28377,2561878,7884239
1900000,0,100,-548,-21925,-24351,6717030,11634570
1917000,0,101,-663,-26509,-19260,12014900,13344348
1933000,0,102,-748,-29934,-13328,17575467,12769380
1950000,0,103,-801,-32051,-6813,22390632,9969344
1967000,0,104,-819,-32767,0,25672851,5457213
1983000,0,105,-801,-32051,6813,26836173,0
2000000,0,106,-748,-29934,13328,25672851,-5457213
2017000,0,107,-663,-26509,19260,22390632,-9969344
2033000,0,108,-548,-21925,24351,17575467,-12769380
2050000,0,109,-410,-16384,28377,12014900,-13344348
2067000,0,110,-253,-10126,31163,6717440,-11634570
2083000,0,111,-86,-3425,32587,2561878,-7884239
2100000,0,112,86,3425,32587,294550,-2802482
2117000,0,113,253,10126,31163,294550,2802482
2133000,0,114,410,16384,28377,2561878,7884239
2150000,0,115,548,21925,24351,6717440,11634570
2167000,0,116,663,26509,19260,12014900,13344348
2183000,0,117,748,29934,13328,17575467,12769380
2200000,0,118,801,32051,6813,22390632,9969344
2217000,0,119,819,32767,0,25672851,5457213
2233000,0,120,801,32051,-6813,26836173,0
2250000,0,121,748,29934,-13328,25672851,-5457213
2267000,0,122,663,26509,-19260,22390632,-9969344
2283000,0,123,548,21925,-24351,17575467,-12769380
2300000,0,124,410,16384,-28377,12014900,-13344348
2317000,0,125,253,10126,-31163,6717440,-11634570
2333000,0,126,86,3425,-32587,2561878,-7884239
2350000,0,127,-86,-3425,-32587,294550,-2802482
2367000,0,128,-253,-10126,-31163,294550,2802482
2383000,0,129,-410,-16383,-28377,2561878,7884239
2400000,0,130,-548,-21925,-24351,6717030,11634570
2417000,0,131,-663,-26509,-19260,12014900,13344348
2433000,0,132,-748,-29934,-13328,17575467,12769380
2450000,0,133,-801,-32051,-6813,22390632,9969344
2467000,0,134,-819,-32767,0,25672851,5457213
2483000,0,135,-801,-32051,6813,26836173,0
2500000,0,136,-748,-29934,13328,25672851,-5457213
2517000,0,137,-663,-26509,19260,22390632,-9969344
2533000,0,138,-548,-21925,24351,17575467,-12769380
2550000,0,139,-410,-16384,28377,12014900,-13344348
2567000,0,140,-253,-10126,31163,6717440,-11634570
2583000,0,141,-86,-3425,32587,2561878,-7884239
2600000,0,142,86,3425,32587,294550,-2802482
2617000,0,143,253,10126,31163,294550,2802482
2633000,0,144,410,16384,28377,2561878,7884239
2650000,0,145,548,21925,24351,6717440,11634570
2667000,0,146,663,26509,19260,12014900,13344348
2683000,0,147,748,29934,13328,17575467,12769380
2700000,0,148,801,32051,6813,22390632,9969344
2717000,0,149,819,32767,0,25672851,5457213
2733000,0,150,801,32051,-6813,26836173,0
2750000,0,151,748,29934,-13328,25672851,-5457213
2767000,0,152,663,26509,-19260,22390632,-9969344
2783000,0,153,548,21925,-24351,17575467,-12769380
2800000,0,154,410,16384,-28377,12014900,-13344348
2817000,0,155,253,10126,-31163,6717440,-11634570
2833000,0,156,86,3425,-32587,2561878,-7884239
2850000,0,157,-86,-3425,-32587,294550,-2802482
2867000,0,158,-253,-10126,-31163,294550,2802482
2883000,0,159,-410,-16383,-28377,2561878,7884239
2900000,0,160,-548,-21925,-24351,6717030,11634570
2917000,0,161,-663,-26509,-19260,12014900,13344348
2933000,0,162,-748,-29934,-13328,17575467,12769380
2950000,0,163,-801,-32051,-6813,22390632,9969344
2967000,0,164,-819,-32767,0,25672851,5457213
2983000,0,165,-801,-32051,6813,26836173,0
3000000,0,166,-748,-29934,13328,25672851,-5457213
3017000,0,167,-663,-26509,19260,22390632,-9969344
3033000,0,168,-548,-21925,24351,17575467,-12769380
3050000,0,169,-410,-16384,28377,12014900,-13344348
3067000,0,170,-253,-10126,31163,6717440,-11634570
3083000,0,171,-86,-3425,32587,2561878,-7884239
3100000,0,172,86,3425,32587,294550,-2802482
3117000,0,173,253,10126,31163,294550,2802482
3133000,0,174,410,16384,28377,2561878,7884239
3150000,0,175,548,21925,24351,6717440,11634570
3167000,0,176,663,26509,19260,12014900,13344348
3183000,0,177,748,29934,13328,17575467,12769380
3200000,0,178,801,32051,6813,22390632,9969344
3217000,0,179,819,32767,0,25672851,5457213
3233000,0,180,801,32051,-6813,26836173,0
3250000,0,181,748,29934,-13328,25672851,-5457213
3267000,0,182,663,26509,-19260,22390632,-9969344
3283000,0,183,548,21925,-24351,17575467,-12769380
3300000,0,184,410,16384,-28377,12014900,-13344348
3317000,0,185,253,10126,-31163,6717440,-11634570
3333000,0,186,86,3425,-32587,2561878,-7884239
3350000,0,187,-86,-3425,-32587,294550,-2802482
3367000,0,188,-253,-10126,-31163,294550,2802482
3383000,0,189,-410,-16383,-28377,2561878,7884239
3400000,0,190,-548,-21925,-24351,6717030,11634570
3417000,0,191,-663,-26509,-19260,12014900,13344348
3433000,0,192,-748,-29934,-13328,17575467,12769380
3450000,0,193,-801,-32051,-6813,22390632,9969344
3467000,0,194,-819,-32767,0,25672851,5457213
3483000,0,195,-801,-32051,6813,26836173,0
3500000,0,196,-748,-29934,13328,25672851,-5457213
3517000,0,197,-663,-26509,19260,22390632,-9969344
3533000,0,198,-548,-21925,24351,17575467,-12769380
3550000,0,199,-410,-16384,28377,12014900,-13344348
3567000,0,200,-253,-10126,31163,6717440,-11634570
3583000,0,201,-86,-3425,32587,2561878,-7884239
3600000,0,202,86,3425,32587,294550,-2802482
3617000,0,203,253,10126,31163,294550,2802482
3633000,0,204,410,16384,28377,2561878,7884239
3650000,0,205,548,21925,24351,6717440,11634570
3667000,0,206,663,26509,19260,12014900,13344348
3683000,0,207,748,29934,13328,17575467,12769380
3700000,0,208,801,32051,6813,22390632,9969344
3717000,0,209,819,32767,0,25672851,5457213
3733000,0,210,801,32051,-6813,26836173,0
3750000,0,211,748,29934,-13328,25672851,-5457213
3767000,0,212,663,26509,-19260,22390632,-9969344
3783000,0,213,548,21925,-24351,17575467,-12769380
3800000,0,214,410,16384,-28377,12014900,-13344348
3817000,0,215,253,10126,-31163,6717440,-11634570
3833000,0,216,86,3425,-32587,2561878,-7884239
3850000,0,217,-86,-3425,-32587,294550,-2802482
3867000,0,218,-253,-10126,-31163,294550,2802482
3883000,0,219,-410,-16383,-28377,2561878,7884239
3900000,0,220,-548,-21925,-24351,6717030,11634570
3917000,0,221,-663,-26509,-19260,12014900,13344348
3933000,0,222,-748,-29934,-13328,17575467,12769380
3950000,0,223,-801,-32051,-6813,22390632,9969344
3967000,0,224,-819,-32767,0,25672851,5457213
3983000,0,225,-801,-32051,6813,26836173,0
4000000,0,226,-748,-29934,13328,25672851,-5457213
4017000,0,227,-663,-26509,19260,22390632,-9969344
4033000,0,228,-548,-21925,24351,17575467,-12769380
4050000,0,229,-410,-16384,28377,12014900,-13344348
4067000,0,230,-253,-10126,31163,6717440,-11634570
4083000,0,231,-86,-3425,32587,2561878,-7884239
4100000,0,232,86,3425,32587,294550,-2802482
4117000,0,233,253,10126,31163,294550,2802482
4133000,0,234,410,16384,28377,2561878,7884239
4150000,0,235,548,21925,24351,6717440,11634570
4167000,0,236,663,26509,19260,12014900,13344348
4183000,0,237,748,29934,13328,17575467,12769380
4200000,0,238,801,32051,6813,22390632,9969344
4216000,0,239,819,32767,0,25672851,5457213
4233000,0,240,801,32051,-6813,26836173,0
4250000,0,241,748,29934,-13328,25672851,-5457213
4266000,0,242,663,26509,-19260,22390632,-9969344
4283000,0,243,548,21925,-24351,17575467,-12769380
4300000,0,244,410,16384,-28377,12014900,-13344348
4316000,0,245,253,10126,-31163,6717440,-11634570
4333000,0,246,86,3425,-32587,2561878,-7884239
4350000,0,247,-86,-3425,-32587,294550,-2802482
4366000,0,248,-253,-10126,-31163,294550,2802482
4383000,0,249,-410,-16383,-28377,2561878,7884239
4400000,0,250,-548,-21925,-24351,6717030,11634570
4416000,0,251,-663,-26509,-19260,12014900,13344348
4433000,0,252,-748,-29934,-13328,17575467,12769380
4450000,0,253,-801,-32051,-6813,22390632,9969344
4466000,0,254,-819,-32767,0,25672851,5457213
4483000,0,255,-801,-32051,6813,26836173,0
4500000,0,256,-748,-29934,13328,25672851,-5457213
4516000,0,257,-663,-26509,19260,22390632,-9969344
4533000,0,258,-548,-21925,24351,17575467,-12769380
4550000,0,259,-410,-16384,28377,12014900,-13344348
4566000,0,260,-253,-10126,31163,6717440,-11634570
4583000,0,261,-86,-3425,32587,2561878,-7884239
4600000,0,262,86,3425,32587,294550,-2802482
4616000,0,263,253,10126,31163,294550,2802482
4633000,0,264,410,16384,28377,2561878,7884239
4650000,0,265,548,21925,24351,6717440,11634570
4666000,0,266,663,26509,19260,12014900,13344348
4683000,0,267,748,29934,13328,17575467,12769380
4700000,0,268,801,32051,6813,22390632,9969344
4716000,0,269,819,32767,0,25672851,5457213
4733000,0,270,801,32051,-6813,26836173,0
4750000,0,271,748,29934,-13328,25672851,-5457213
4766000,0,272,663,26509,-19260,22390632,-9969344
4783000,0,273,548,21925,-24351,17575467,-12769380
4800000,0,274,410,16384,-28377,12014900,-13344348
4816000,0,275,253,10126,-31163,6717440,-11634570
4833000,0,276,86,3425,-32587,2561878,-7884239
4850000,0,277,-86,-3425,-32587,294550,-2802482
4866000,0,278,-253,-10126,-31163,294550,2802482
4883000,0,279,-410,-16383,-28377,2561878,7884239
4900000,0,280,-548,-21925,-24351,6717030,11634570
4916000,0,281,-663,-26509,-19260,12014900,13344348
4933000,0,282,-748,-29934,-13328,17575467,12769380
4950000,0,283,-801,-32051,-6813,22390632,9969344
4966000,0,284,-819,-32767,0,25672851,5457213
4983000,0,285,-801,-32051,6813,26836173,0
5000000,0,286,-748,-29934,13328,25672851,-5457213
5016000,0,287,-663,-26509,19260,22390632,-9969344
5033000,0,288,-548,-21925,24351,17575467,-12769380
5050000,0,289,-410,-16384,28377,12014900,-13344348
5066000,0,290,-253,-10126,31163,6717440,-11634570
5083000,0,291,-86,-3425,32587,2561878,-7884239
5100000,0,292,86,3425,32587,294550,-2802482
5116000,0,293,253,10126,31163,294550,2802482
5133000,0,294,410,16384,28377,2561878,7884239
5150000,0,295,548,21925,24351,6717440,11634570
5166000,0,296,663,26509,19260,12014900,13344348
5183000,0,297,748,29934,13328,17575467,12769380
5200000,0,298,801,32051,6813,22390632,9969344
5216000,0,299,819,32767,0,25672851,5457213
5233000,0,300,801,32051,-6813,26836173,0
5250000,0,301,748,29934,-13328,25672851,-5457213
5266000,0,302,663,26509,-19260,22390632,-9969344
5283000,0,303,548,21925,-24351,17575467,-12769380
5300000,0,304,410,16384,-28377,12014900,-13344348
5316000,0,305,253,10126,-31163,6717440,-11634570
5333000,0,306,86,3425,-32587,2561878,-7884239
5350000,0,307,-86,-3425,-32587,294550,-2802482
5366000,0,308,-253,-10126,-31163,294550,2802482
5383000,0,309,-410,-16383,-28377,2561878,7884239
5400000,0,310,-548,-21925,-24351,6717030,11634570
5416000,0,311,-663,-26509,-19260,12014900,13344348
5433000,0,312,-748,-29934,-13328,17575467,12769380
5450000,0,313,-801,-32051,-6813,22390632,9969344
5466000,0,314,-819,-32767,0,25672851,5457213
5483000,0,315,-801,-32051,6813,26836173,0
5500000,0,316,-748,-29934,13328,25672851,-5457213
5516000,0,317,-663,-26509,19260,22390632,-9969344
5533000,0,318,-548,-21925,24351,17575467,-12769380
5550000,0,319,-410,-16384,28377,12014900,-13344348
5566000,0,320,-253,-10126,31163,6717440,-11634570
5583000,0,321,-86,-3425,32587,2561878,-7884239
5600000,0,322,86,3425,32587,294550,-2802482
5616000,0,323,253,10126,31163,294550,2802482
5633000,0,324,410,16384,28377,2561878,7884239
5650000,0,325,548,21925,24351,6717440,11634570
5666000,0,326,663,26509,19260,12014900,13344348
5683000,0,327,748,29934,13328,17575467,12769380
5700000,0,328,801,32051,6813,22390632,9969344
5716000,0,329,819,32767,0,25672851,5457213
5733000,0,330,801,32051,-6813,26836173,0
5750000,0,331,748,29934,-13328,25672851,-5457213
5766000,0,332,663,26509,-19260,22390632,-9969344
5783000,0,333,548,21925,-24351,17575467,-12769380
5800000,0,334,410,16384,-28377,12014900,-13344348
5816000,0,335,253,10126,-31163,6717440,-11634570
5833000,0,336,86,3425,-32587,2561878,-7884239
5850000,0,337,-86,-3425,-32587,294550,-2802482
5866000,0,338,-253,-10126,-31163,294550,2802482
5883000,0,339,-410,-16383,-28377,2561878,7884239
5900000,0,340,-548,-21925,-24351,6717030,11634570
5916000,0,341,-663,-26509,-19260,12014900,13344348
5933000,0,342,-748,-29934,-13328,17575467,12769380
5950000,0,343,-801,-32051,-6813,22390632,9969344
5966000,0,344,-819,-32767,0,25672851,5457213
5983000,0,345,-801,-32051,6813,26836173,0
6000000,0,346,-748,-29934,13328,25672851,-5457213
6016000,0,347,-663,-26509,19260,22390632,-9969344
6033000,0,348,-548,-21925,24351,17575467,-12769380
6050000,0,349,-410,-16384,28377,12014900,-13344348
6066000,0,350,-253,-10126,31163,6717440,-11634570
6083000,0,351,-86,-3425,32587,2561878,-7884239
6100000,0,352,86,3425,32587,294550,-2802482
6116000,0,353,253,10126,31163,294550,2802482
6133000,0,354,410,16384,28377,2561878,7884239
6150000,0,355,548,21925,24351,6717440,11634570
6166000,0,356,663,26509,19260,12014900,13344348
6183000,0,357,748,29934,13328,17575467,12769380
6200000,0,358,801,32051,6813,22390632,9969344
6216000,0,359,819,32767,0,25672851,5457213
6233000,0,360,801,32051,-6813,26836173,0
6250000,0,361,748,29934,-13328,25672851,-5457213
6266000,0,362,663,26509,-19260,22390632,-9969344
6283000,0,363,548,21925,-24351,17575467,-12769380
6300000,0,364,410,16384,-28377,12014900,-13344348
6316000,0,365,253,10126,-31163,6717440,-11634570
6333000,0,366,86,3425,-32587,2561878,-7884239
6350000,0,367,-86,-3425,-32587,294550,-2802482
6366000,0,368,-253,-10126,-31163,294550,2802482
6383000,0,369,-410,-16383,-28377,2561878,7884239
6400000,0,370,-548,-21925,-24351,6717030,11634570
6416000,0,371,-663,-26509,-19260,12014900,13344348
6433000,0,372,-748,-29934,-13328,17575467,12769380
6450000,0,373,-801,-32051,-6813,22390632,9969344
6466000,0,374,-819,-32767,0,25672851,5457213
6483000,0,375,-801,-32051,6813,26836173,0
6500000,0,376,-748,-29934,13328,25672851,-5457213
6516000,0,377,-663,-26509,19260,22390632,-9969344
6533000,0,378,-548,-21925,24351,17575467,-12769380
6550000,0,379,-410,-16384,28377,12014900,-13344348
6566000,0,380,-253,-10126,31163,6717440,-11634570
6583000,0,381,-86,-3425,32587,2561878,-7884239
6600000,0,382,86,3425,32587,294550,-2802482
6616000,0,383,253,10126,31163,294550,2802482
6633000,0,384,410,16384,28377,2561878,7884239
6650000,0,385,548,21925,24351,6717440,11634570
6666000,0,386,663,26509,19260,12014900,13344348
6683000,0,387,748,29934,13328,17575467,12769380
6700000,0,388,801,32051,6813,22390632,9969344
6716000,0,389,819,32767,0,25672851,5457213
6733000,0,390,801,32051,-6813,26836173,0
6750000,0,391,748,29934,-13328,25672851,-5457213
6766000,0,392,663,26509,-19260,22390632,-9969344
6783000,0,393,548,21925,-24351,17575467,-12769380
6800000,0,394,410,16384,-28377,12014900,-13344348
6816000,0,395,253,10126,-31163,6717440,-11634570
6833000,0,396,86,3425,-32587,2561878,-7884239
6850000,0,397,-86,-3425,-32587,294550,-2802482
6866000,0,398,-253,-10126,-31163,294550,2802482
6883000,0,399,-410,-16383,-28377,2561878,7884239
6900000,0,400,-548,-21925,-24351,6717030,11634570
6916000,0,401,-663,-26509,-19260,12014900,13344348
6933000,0,402,-748,-29934,-13328,17575467,12769380
6950000,0,403,-801,-32051,-6813,22390632,9969344
6966000,0,404,-819,-32767,0,25672851,5457213
6983000,0,405,-801,-32051,6813,26836173,0
7000000,0,406,-748,-29934,13328,25672851,-5457213
7016000,0,407,-663,-26509,19260,22390632,-9969344
7033000,0,408,-548,-21925,24351,17575467,-12769380
7050000,0,409,-410,-16384,28377,12014900,-13344348
7066000,0,410,-253,-10126,31163,6717440,-11634570
7083000,0,411,-86,-3425,32587,2561878,-7884239
7100000,0,412,86,3425,32587,294550,-2802482
7116000,0,413,253,10126,31163,294550,2802482
7133000,0,414,410,16384,28377,2561878,7884239
7150000,0,415,548,21925,24351,6717440,11634570
7166000,0,416,663,26509,19260,12014900,13344348
7183000,0,417,748,29934,13328,17575467,12769380
7200000,0,418,801,32051,6813,22390632,9969344
7216000,0,419,819,32767,0,25672851,5457213
7233000,0,420,801,32051,-6813,26836173,0
7250000,0,421,748,29934,-13328,25672851,-5457213
7266000,0,422,663,26509,-19260,22390632,-9969344
7283000,0,423,548,21925,-24351,17575467,-12769380
7300000,0,424,410,16384,-28377,12014900,-13344348
7316000,0,425,253,10126,-31163,6717440,-11634570
7333000,0,426,86,3425,-32587,2561878,-7884239
7350000,0,427,-86,-3425,-32587,294550,-2802482
7366000,0,428,-253,-10126,-31163,294550,2802482
7383000,0,429,-410,-16383,-28377,2561878,7884239
7400000,0,430,-548,-21925,-24351,6717030,11634570
7416000,0,431,-663,-26509,-19260,12014900,13344348
7433000,0,432,-748,-29934,-13328,17575467,12769380
7450000,0,433,-801,-32051,-6813,22390632,9969344
7466000,0,434,-819,-32767,0,25672851,5457213
7483000,0,435,-801,-32051,6813,26836173,0
7500000,0,436,-748,-29934,13328,25672851,-5457213
7516000,0,437,-663,-26509,19260,22390632,-9969344
7533000,0,438,-548,-21925,24351,17575467,-12769380
7550000,0,439,-410,-16384,28377,12014900,-13344348
7566000,0,440,-253,-10126,31163,6717440,-11634570
7583000,0,441,-86,-3425,32587,2561878,-7884239
7600000,0,442,86,3425,32587,294550,-2802482
7616000,0,443,253,10126,31163,294550,2802482
7633000,0,444,410,16384,28377,2561878,7884239
7650000,0,445,548,21925,24351,6717440,11634570
7666000,0,446,663,26509,19260,12014900,13344348
7683000,0,447,748,29934,13328,17575467,12769380
7700000,0,448,801,32051,6813,22390632,9969344
7716000,0,449,819,32767,0,25672851,5457213
7733000,0,450,801,32051,-6813,26836173,0
7750000,0,451,748,29934,-13328,25672851,-5457213
7766000,0,452,663,26509,-19260,22390632,-9969344
7783000,0,453,548,21925,-24351,17575467,-12769380
7800000,0,454,410,16384,-28377,12014900,-13344348
7816000,0,455,253,10126,-31163,6717440,-11634570
7833000,0,456,86,3425,-32587,2561878,-7884239
7850000,0,457,-86,-3425,-32587,294550,-2802482
7866000,0,458,-253,-10126,-31163,294550,2802482
7883000,0,459,-410,-16383,-28377,2561878,7884239
7900000,0,460,-548,-21925,-24351,6717030,11634570
7916000,0,461,-663,-26509,-19260,12014900,13344348
7933000,0,462,-748,-29934,-13328,17575467,12769380
7950000,0,463,-801,-32051,-6813,22390632,9969344
7966000,0,464,-819,-32767,0,25672851,5457213
7983000,0,465,-801,-32051,6813,26836173,0
8000000,0,466,-748,-29934,13328,25672851,-5457213
8016000,0,467,-663,-26509,19260,22390632,-9969344
8033000,0,468,-548,-21925,24351,17575467,-12769380
8050000,0,469,-410,-16384,28377,12014900,-13344348
8066000,0,470,-253,-10126,31163,6717440,-11634570
8083000,0,471,-86,-3425,32587,2561878,-7884239
8100000,0,472,86,3425,32587,294550,-2802482
8116000,0,473,253,10126,31163,294550,2802482
8133000,0,474,410,16384,28377,2561878,7884239
8150000,0,475,548,21925,24351,6717440,11634570
8166000,0,476,663,26509,19260,12014900,13344348
8183000,0,477,748,29934,13328,17575467,12769380
8200000,0,478,801,32051,6813,22390632,9969344
8216000,0,479,819,32767,0,25672851,5457213
8233000,0,480,801,32051,-6813,26836173,0
8250000,0,481,748,29934,-13328,25672851,-5457213
8266000,0,482,663,26509,-19260,22390632,-9969344
8283000,0,483,548,21925,-24351,17575467,-12769380
8300000,0,484,410,16384,-28377,12014900,-13344348
8316000,0,485,253,10126,-31163,6717440,-11634570
8333000,0,486,86,3425,-32587,2561878,-7884239
8350000,0,487,-86,-3425,-32587,294550,-2802482
8366000,0,488,-253,-10126,-31163,294550,2802482
8383000,0,489,-410,-16383,-28377,2561878,7884239
8400000,0,490,-548,-21925,-24351,6717030,11634570
8416000,0,491,-663,-26509,-19260,12014900,13344348
8433000,0,492,-748,-29934,-13328,17575467,12769380
8450000,0,493,-801,-32051,-6813,22390632,9969344
8466000,0,494,-819,-32767,0,25672851,5457213
8483000,0,495,-801,-32051,6813,26836173,0
8500000,0,496,-748,-29934,13328,25672851,-5457213
8516000,0,497,-663,-26509,19260,22390632,-9969344
8533000,0,498,-548,-21925,24351,17575467,-12769380
8550000,0,499,-410,-16384,28377,12014900,-13344348
8566000,0,500,-253,-10126,31163,6717440,-11634570
8583000,0,501,-86,-3425,32587,2561878,-7884239
8600000,0,502,86,3425,32587,294550,-2802482
8616000,0,503,253,10126,31163,294550,2802482
8633000,0,504,410,16384,28377,2561878,7884239
8650000,0,505,548,21925,24351,6717440,11634570
8666000,0,506,663,26509,19260,12014900,13344348
8683000,0,507,748,29934,13328,17575467,12769380
8700000,0,508,801,32051,6813,22390632,9969344
8716000,0,509,819,32767,0,25672851,5457213
8733000,0,510,801,32051,-6813,26836173,0
8750000,0,511,748,29934,-13328,25672851,-5457213
8766000,0,512,663,26509,-19260,22390632,-9969344
8783000,0,513,548,21925,-24351,17575467,-12769380
8800000,0,514,410,16384,-28377,12014900,-13344348
8816000,0,515,253,10126,-31163,6717440,-11634570
8833000,0,516,86,3425,-32587,2561878,-7884239
8850000,0,517,-86,-3425,-32587,294550,-2802482
8866000,0,518,-253,-10126,-31163,294550,2802482
8883000,0,519,-410,-16383,-28377,2561878,7884239
8900000,0,520,-548,-21925,-24351,6717030,11634570
8916000,0,521,-663,-26509,-19260,12014900,13344348
8933000,0,522,-748,-29934,-13328,17575467,12769380
8950000,0,523,-801,-32051,-6813,22390632,9969344
8966000,0,524,-819,-32767,0,25672851,5457213
8983000,0,525,-801,-32051,6813,26836173,0
9000000,0,526,-748,-29934,13328,25672851,-5457213
9016000,0,527,-663,-26509,19260,22390632,-9969344
9033000,0,528,-548,-21925,24351,17575467,-12769380
9050000,0,529,-410,-16384,28377,12014900,-13344348
9066000,0,530,-253,-10126,31163,6717440,-11634570
9083000,0,531,-86,-3425,32587,2561878,-7884239
9100000,0,532,86,3425,32587,294550,-2802482
9116000,0,533,253,10126,31163,294550,2802482
9133000,0,534,410,16384,28377,2561878,7884239
9150000,0,535,548,21925,24351,6717440,11634570
9166000,0,536,663,26509,19260,12014900,13344348
9183000,0,537,748,29934,13328,17575467,12769380
9200000,0,538,801,32051,6813,22390632,9969344
9216000,0,539,819,32767,0,25672851,5457213
9233000,0,540,801,32051,-6813,26836173,0
9250000,0,541,748,29934,-13328,25672851,-5457213
9266000,0,542,663,26509,-19260,22390632,-9969344
9283000,0,543,548,21925,-24351,17575467,-12769380
9300000,0,544,410,16384,-28377,12014900,-13344348
9316000,0,545,253,10126,-31163,6717440,-11634570
9333000,0,546,86,3425,-32587,2561878,-7884239
9350000,0,547,-86,-3425,-32587,294550,-2802482
9366000,0,548,-253,-10126,-31163,294550,2802482
9383000,0,549,-410,-16383,-28377,2561878,7884239
9400000,0,550,-548,-21925,-24351,6717030,11634570
9416000,0,551,-663,-26509,-19260,12014900,13344348
9433000,0,552,-748,-29934,-13328,17575467,12769380
9450000,0,553,-801,-32051,-6813,22390632,9969344
9466000,0,554,-819,-32767,0,25672851,5457213
9483000,0,555,-801,-32051,6813,26836173,0
9500000,0,556,-748,-29934,13328,25672851,-5457213
9516000,0,557,-663,-26509,19260,22390632,-9969344
9533000,0,558,-548,-21925,24351,17575467,-12769380
9550000,0,559,-410,-16384,28377,12014900,-13344348
9566000,0,560,-253,-10126,31163,6717440,-11634570
9583000,0,561,-86,-3425,32587,2561878,-7884239
9600000,0,562,86,3425,32587,294550,-2802482
9616000,0,563,253,10126,31163,294550,2802482
9633000,0,564,410,16384,28377,2561878,7884239
9650000,0,565,548,21925,24351,6717440,11634570
9666000,0,566,663,26509,19260,12014900,13344348
9683000,0,567,748,29934,13328,17575467,12769380
9700000,0,568,801,32051,6813,22390632,9969344
9716000,0,569,819,32767,0,25672851,5457213
9733000,0,570,801,32051,-6813,26836173,0
9750000,0,571,748,29934,-13328,25672851,-5457213
9766000,0,572,663,26509,-19260,22390632,-9969344
9783000,0,573,548,21925,-24351,17575467,-12769380
9800000,0,574,410,16384,-28377,12014900,-13344348
9816000,0,575,253,10126,-31163,6717440,-11634570
9833000,0,576,86,3425,-32587,2561878,-7884239
9850000,0,577,-86,-3425,-32587,294550,-2802482
9866000,0,578,-253,-10126,-31163,294550,2802482
9883000,0,579,-410,-16383,-28377,2561878,7884239
9900000,0,580,-548,-21925,-24351,6717030,11634570
9916000,0,581,-663,-26509,-19260,12014900,13344348
9933000,0,582,-748,-29934,-13328,17575467,12769380
9950000,0,583,-801,-32051,-6813,22390632,9969344
9966000,0,584,-819,-32767,0,25672851,5457213
9983000,0,585,-801,-32051,6813,26836173,0
10000000,0,586,-748,-29934,13328,25672851,-5457213
10016000,0,587,-663,-26509,19260,22390632,-9969344
10033000,0,588,-548,-21925,24351,17575467,-12769380
10050000,0,589,-410,-16384,28377,12014900,-13344348
10066000,0,590,-253,-10126,31163,6717440,-11634570
10083000,0,591,-86,-3425,32587,2561878,-7884239
10100000,0,592,86,3425,32587,294550,-2802482
10116000,0,593,253,10126,31163,294550,2802482
10133000,0,594,410,16384,28377,2561878,7884239
10150000,0,595,548,21925,24351,6717440,11634570
10166000,0,596,663,26509,19260,12014900,13344348
10183000,0,597,748,29934,13328,17575467,12769380
10200000,0,598,801,32051,6813,22390632,9969344
10216000,0,599,819,32767,0,25672851,5457213
10533000,1,0,801,32051,-6813,26836173,0
10550000,1,1,748,29934,-13328,25672851,-5457213
10566000,1,2,663,26509,-19260,22390632,-9969344
10583000,1,3,548,21925,-24351,17575467,-12769380
10600000,1,4,410,16384,-28377,12014900,-13344348
10616000,1,5,253,10126,-31163,6717440,-11634570
10633000,1,6,86,3425,-32587,2561878,-7884239
10650000,1,7,-86,-3425,-32587,294550,-2802482
10666000,1,8,-253,-10126,-31163,294550,2802482
10683000,1,9,-410,-16383,-28377,2561878,7884239
10700000,1,10,-548,-21925,-24351,6717030,11634570
10716000,1,11,-663,-26509,-19260,12014900,13344348
10733000,1,12,-748,-29934,-13328,17575467,12769380
10750000,1,13,-801,-32051,-6813,22390632,9969344
10766000,1,14,-819,-32767,0,25672851,5457213
10783000,1,15,-801,-32051,6813,26836173,0
10800000,1,16,-748,-29934,13328,25672851,-5457213
10816000,1,17,-663,-26509,19260,22390632,-9969344
10833000,1,18,-548,-21925,24351,17575467,-12769380
10850000,1,19,-410,-16384,28377,12014900,-13344348
10866000,1,20,-253,-10126,31163,6717440,-11634570
10883000,1,21,-86,-3425,32587,2561878,-7884239
10900000,1,22,86,3425,32587,294550,-2802482
10916000,1,23,253,10126,31163,294550,2802482
10933000,1,24,410,16384,28377,2561878,7884239
10950000,1,25,548,21925,24351,6717440,11634570
10966000,1,26,663,26509,19260,12014900,13344348
10983000,1,27,748,29934,13328,17575467,12769380
11000000,1,28,801,32051,6813,22390632,9969344
11016000,1,29,819,32767,0,25672851,5457213
11033000,1,30,801,32051,-6813,26836173,0
11050000,1,31,748,29934,-13328,25672851,-5457213
11066000,1,32,663,26509,-19260,22390632,-9969344
11083000,1,33,548,21925,-24351,17575467,-12769380
11100000,1,34,410,16384,-28377,12014900,-13344348
11116000,1,35,253,10126,-31163,6717440,-11634570
11133000,1,36,86,3425,-32587,2561878,-7884239
11150000,1,37,-86,-3425,-32587,294550,-2802482
11166000,1,38,-253,-10126,-31163,294550,2802482
11183000,1,39,-410,-16383,-28377,2561878,7884239
11200000,1,40,-548,-21925,-24351,6717030,11634570
11216000,1,41,-663,-26509,-19260,12014900,13344348
11233000,1,42,-748,-29934,-13328,17575467,12769380
11250000,1,43,-801,-32051,-6813,22390632,9969344
11266000,1,44,-819,-32767,0,25672851,5457213
11283000,1,45,-801,-32051,6813,26836173,0
11300000,1,46,-748,-29934,13328,25672851,-5457213
11316000,1,47,-663,-26509,19260,22390632,-9969344
11333000,1,48,-548,-21925,24351,17575467,-12769380
11350000,1,49,-410,-16384,28377,12014900,-13344348
11366000,1,50,-253,-10126,31163,6717440,-11634570
11383000,1,51,-86,-3425,32587,2561878,-7884239
11400000,1,52,86,3425,32587,294550,-2802482
11416000,1,53,253,10126,31163,294550,2802482
11433000,1,54,410,16384,28377,2561878,7884239
11450000,1,55,548,21925,24351,6717440,11634570
11466000,1,56,663,26509,19260,12014900,13344348
11483000,1,57,748,29934,13328,17575467,12769380
11500000,1,58,801,32051,6813,22390632,9969344
11516000,1,59,819,32767,0,25672851,5457213
11533000,1,60,801,32051,-6813,26836173,0
11550000,1,61,748,29934,-13328,25672851,-5457213
11566000,1,62,663,26509,-19260,22390632,-9969344
11583000,1,63,548,21925,-24351,17575467,-12769380
11600000,1,64,410,16384,-28377,12014900,-13344348
11616000,1,65,253,10126,-31163,6717440,-11634570
11633000,1,66,86,3425,-32587,2561878,-7884239
11650000,1,67,-86,-3425,-32587,294550,-2802482
11666000,1,68,-253,-10126,-31163,294550,2802482
11683000,1,69,-410,-16383,-28377,2561878,7884239
11700000,1,70,-548,-21925,-24351,6717030,11634570
11716000,1,71,-663,-26509,-19260,12014900,13344348
11733000,1,72,-748,-29934,-13328,17575467,12769380
11750000,1,73,-801,-32051,-6813,22390632,9969344
11766000,1,74,-819,-32767,0,25672851,5457213
11783000,1,75,-801,-32051,6813,26836173,0
11800000,1,76,-748,-29934,13328,25672851,-5457213
11816000,1,77,-663,-26509,19260,22390632,-9969344
11833000,1,78,-548,-21925,24351,17575467,-12769380
11850000,1,79,-410,-16384,28377,12014900,-13344348
11866000,1,80,-253,-10126,31163,6717440,-11634570
11883000,1,81,-86,-3425,32587,2561878,-7884239
11900000,1,82,86,3425,32587,294550,-2802482
11916000,1,83,253,10126,31163,294550,2802482
11933000,1,84,410,16384,28377,2561878,7884239
11950000,1,85,548,21925,24351,6717440,11634570
11966000,1,86,663,26509,19260,12014900,13344348
11983000,1,87,748,29934,13328,17575467,12769380
12000000,1,88,801,32051,6813,22390632,9969344
12016000,1,89,819,32767,0,25672851,5457213
12033000,1,90,801,32051,-6813,26836173,0
12050000,1,91,748,29934,-13328,25672851,-5457213
12066000,1,92,663,26509,-19260,22390632,-9969344
12083000,1,93,548,21925,-24351,17575467,-12769380
12100000,1,94,410,16384,-28377,12014900,-13344348
12116000,1,95,253,10126,-31163,6717440,-11634570
12133000,1,96,86,3425,-32587,2561878,-7884239
12150000,1,97,-86,-3425,-32587,294550,-2802482
12166000,1,98,-253,-10126,-31163,294550,2802482
12183000,1,99,-410,-16383,-28377,2561878,7884239
12200000,1,100,-548,-21925,-24351,6717030,11634570
12216000,1,101,-663,-26509,-19260,12014900,13344348
12233000,1,102,-748,-29934,-13328,17575467,12769380
12250000,1,103,-801,-32051,-6813,22390632,9969344
12266000,1,104,-819,-32767,0,25672851,5457213
12283000,1,105,-801,-32051,6813,26836173,0
12300000,1,106,-748,-29934,13328,25672851,-5457213
12316000,1,107,-663,-26509,19260,22390632,-9969344
12333000,1,108,-548,-21925,24351,17575467,-12769380
12350000,1,109,-410,-16384,28377,12014900,-13344348
12366000,1,110,-253,-10126,31163,6717440,-11634570
12383000,1,111,-86,-3425,32587,2561878,-7884239
12400000,1,112,86,3425,32587,294550,-2802482
12416000,1,113,253,10126,31163,294550,2802482
12433000,1,114,410,16384,28377,2561878,7884239
12450000,1,115,548,21925,24351,6717440,11634570
12466000,1,116,663,26509,19260,12014900,13344348
12483000,1,117,748,29934,13328,17575467,12769380
12500000,1,118,801,32051,6813,22390632,9969344
12516000,1,119,819,32767,0,25672851,5457213
12533000,1,120,801,32051,-6813,26836173,0
12549000,1,121,748,29934,-13328,25672851,-5457213
12566000,1,122,663,26509,-19260,22390632,-9969344
12583000,1,123,548,21925,-24351,17575467,-12769380
12599000,1,124,410,16384,-28377,12014900,-13344348
12616000,1,125,253,10126,-31163,6717440,-11634570
12633000,1,126,86,3425,-32587,2561878,-7884239
12649000,1,127,-86,-3425,-32587,294550,-2802482
12666000,1,128,-253,-10126,-31163,294550,2802482
12683000,1,129,-410,-16383,-28377,2561878,7884239
12699000,1,130,-548,-21925,-24351,6717030,11634570
12716000,1,131,-663,-26509,-19260,12014900,13344348
12733000,1,132,-748,-29934,-13328,17575467,12769380
12749000,1,133,-801,-32051,-6813,22390632,9969344
12766000,1,134,-819,-32767,0,25672851,5457213
12783000,1,135,-801,-32051,6813,26836173,0
12799000,1,136,-748,-29934,13328,25672851,-5457213
12816000,1,137,-663,-26509,19260,22390632,-9969344
12833000,1,138,-548,-21925,24351,17575467,-12769380
12849000,1,139,-410,-16384,28377,12014900,-13344348
12866000,1,140,-253,-10126,31163,6717440,-11634570
12883000,1,141,-86,-3425,32587,2561878,-7884239
12899000,1,142,86,3425,32587,294550,-2802482
12916000,1,143,253,10126,31163,294550,2802482
12933000,1,144,410,16384,28377,2561878,7884239
12949000,1,145,548,21925,24351,6717440,11634570
12966000,1,146,663,26509,19260,12014900,13344348
12983000,1,147,748,29934,13328,17575467,12769380
12999000,1,148,801,32051,6813,22390632,9969344
13016000,1,149,819,32767,0,25672851,5457213
13033000,1,150,801,32051,-6813,26836173,0
13049000,1,151,748,29934,-13328,25672851,-5457213
13066000,1,152,663,26509,-19260,22390632,-9969344
13083000,1,153,548,21925,-24351,17575467,-12769380
13099000,1,154,410,16384,-28377,12014900,-13344348
13116000,1,155,253,10126,-31163,6717440,-11634570
13133000,1,156,86,3425,-32587,2561878,-7884239
13149000,1,157,-86,-3425,-32587,294550,-2802482
13166000,1,158,-253,-10126,-31163,294550,2802482
13183000,1,159,-410,-16383,-28377,2561878,7884239
13199000,1,160,-548,-21925,-24351,6717030,11634570
13216000,1,161,-663,-26509,-19260,12014900,13344348
13233000,1,162,-748,-29934,-13328,17575467,12769380
13249000,1,163,-801,-32051,-6813,22390632,9969344
13266000,1,164,-819,-32767,0,25672851,5457213
13283000,1,165,-801,-32051,6813,26836173,0
13299000,1,166,-748,-29934,13328,25672851,-5457213
13316000,1,167,-663,-26509,19260,22390632,-9969344
13333000,1,168,-548,-21925,24351,17575467,-12769380
13349000,1,169,-410,-16384,28377,12014900,-13344348
13366000,1,170,-253,-10126,31163,6717440,-11634570
13383000,1,171,-86,-3425,32587,2561878,-7884239
13399000,1,172,86,3425,32587,294550,-2802482
13416000,1,173,253,10126,31163,294550,2802482
13433000,1,174,410,16384,28377,2561878,7884239
13449000,1,175,548,21925,24351,6717440,11634570
13466000,1,176,663,26509,19260,12014900,13344348
13483000,1,177,748,29934,13328,17575467,12769380
13499000,1,178,801,32051,6813,22390632,9969344
13516000,1,179,819,32767,0,25672851,5457213
13533000,1,180,801,32051,-6813,26836173,0
13549000,1,181,748,29934,-13328,25672851,-5457213
13566000,1,182,663,26509,-19260,22390632,-9969344
13583000,1,183,548,21925,-24351,17575467,-12769380
13599000,1,184,410,16384,-28377,12014900,-13344348
13616000,1,185,253,10126,-31163,6717440,-11634570
13633000,1,186,86,3425,-32587,2561878,-7884239
13649000,1,187,-86,-3425,-32587,294550,-2802482
13666000,1,188,-253,-10126,-31163,294550,2802482
13683000,1,189,-410,-16383,-28377,2561878,7884239
13699000,1,190,-548,-21925,-24351,6717030,11634570
13716000,1,191,-663,-26509,-19260,12014900,13344348
13733000,1,192,-748,-29934,-13328,17575467,12769380
13749000,1,193,-801,-32051,-6813,22390632,9969344
13766000,1,194,-819,-32767,0,25672851,5457213
13783000,1,195,-801,-32051,6813,26836173,0
13799000,1,196,-748,-29934,13328,25672851,-5457213
13816000,1,197,-663,-26509,19260,22390632,-9969344
13833000,1,198,-548,-21925,24351,17575467,-12769380
13849000,1,199,-410,-16384,28377,12014900,-13344348
13866000,1,200,-253,-10126,31163,6717440,-11634570
13883000,1,201,-86,-3425,32587,2561878,-7884239
13899000,1,202,86,3425,32587,294550,-2802482
13916000,1,203,253,10126,31163,294550,2802482
13933000,1,204,410,16384,28377,2561878,7884239
13949000,1,205,548,21925,24351,6717440,11634570
13966000,1,206,663,26509,19260,12014900,13344348
13983000,1,207,748,29934,13328,17575467,12769380
13999000,1,208,801,32051,6813,22390632,9969344
14016000,1,209,819,32767,0,25672851,5457213
14033000,1,210,801,32051,-6813,26836173,0
14049000,1,211,748,29934,-13328,25672851,-5457213
14066000,1,212,663,26509,-19260,22390632,-9969344
14083000,1,213,548,21925,-24351,17575467,-12769380
14099000,1,214,410,16384,-28377,12014900,-13344348
14116000,1,215,253,10126,-31163,6717440,-11634570
14133000,1,216,86,3425,-32587,2561878,-7884239
14149000,1,217,-86,-3425,-32587,294550,-2802482
14166000,1,218,-253,-10126,-31163,294550,2802482
14183000,1,219,-410,-16383,-28377,2561878,7884239
14199000,1,220,-548,-21925,-24351,6717030,11634570
14216000,1,221,-663,-26509,-19260,12014900,13344348
14233000,1,222,-748,-29934,-13328,17575467,12769380
14249000,1,223,-801,-32051,-6813,22390632,9969344
14266000,1,224,-819,-32767,0,25672851,5457213
14283000,1,225,-801,-32051,6813,26836173,0
14299000,1,226,-748,-29934,13328,25672851,-5457213
14316000,1,227,-663,-26509,19260,22390632,-9969344
14333000,1,228,-548,-21925,24351,17575467,-12769380
14349000,1,229,-410,-16384,28377,12014900,-13344348
14366000,1,230,-253,-10126,31163,6717440,-11634570
14383000,1,231,-86,-3425,32587,2561878,-7884239
14399000,1,232,86,3425,32587,294550,-2802482
14416000,1,233,253,10126,31163,294550,2802482
14433000,1,234,410,16384,28377,2561878,7884239
14449000,1,235,548,21925,24351,6717440,11634570
14466000,1,236,663,26509,19260,12014900,13344348
14483000,1,237,748,29934,13328,17575467,12769380
14499000,1,238,801,32051,6813,22390632,9969344
14516000,1,239,819,32767,0,25672851,5457213
14533000,1,240,801,32051,-6813,26836173,0
14549000,1,241,748,29934,-13328,25672851,-5457213
14566000,1,242,663,26509,-19260,22390632,-9969344
14583000,1,243,548,21925,-24351,17575467,-12769380
14599000,1,244,410,16384,-28377,12014900,-13344348
14616000,1,245,253,10126,-31163,6717440,-11634570
14633000,1,246,86,3425,-32587,2561878,-7884239
14649000,1,247,-86,-3425,-32587,294550,-2802482
14666000,1,248,-253,-10126,-31163,294550,2802482
14683000,1,249,-410,-16383,-28377,2561878,7884239
14699000,1,250,-548,-21925,-24351,6717030,11634570
14716000,1,251,-663,-26509,-19260,12014900,13344348
14733000,1,252,-748,-29934,-13328,17575467,12769380
14749000,1,253,-801,-32051,-6813,22390632,9969344
14766000,1,254,-819,-32767,0,25672851,5457213
14783000,1,255,-801,-32051,6813,26836173,0
14799000,1,256,-748,-29934,13328,25672851,-5457213
14816000,1,257,-663,-26509,19260,22390632,-9969344
14833000,1,258,-548,-21925,24351,17575467,-12769380
14849000,1,259,-410,-16384,28377,12014900,-13344348
14866000,1,260,-253,-10126,31163,6717440,-11634570
14883000,1,261,-86,-3425,32587,2561878,-7884239
14899000,1,262,86,3425,32587,294550,-2802482
14916000,1,263,253,10126,31163,294550,2802482
14933000,1,264,410,16384,28377,2561878,7884239
14949000,1,265,548,21925,24351,6717440,11634570
14966000,1,266,663,26509,19260,12014900,13344348
14983000,1,267,748,29934,13328,17575467,12769380
14999000,1,268,801,32051,6813,22390632,9969344
15016000,1,269,819,32767,0,25672851,5457213
15033000,1,270,801,32051,-6813,26836173,0
15049000,1,271,748,29934,-13328,25672851,-5457213
15066000,1,272,663,26509,-19260,22390632,-9969344
15083000,1,273,548,21925,-24351,17575467,-12769380
15099000,1,274,410,16384,-28377,12014900,-13344348
15116000,1,275,253,10126,-31163,6717440,-11634570
15133000,1,276,86,3425,-32587,2561878,-7884239
15149000,1,277,-86,-3425,-32587,294550,-2802482
15166000,1,278,-253,-10126,-31163,294550,2802482
15183000,1,279,-410,-16383,-28377,2561878,7884239
15199000,1,280,-548,-21925,-24351,6717030,11634570
15216000,1,281,-663,-26509,-19260,12014900,13344348
15233000,1,282,-748,-29934,-13328,17575467,12769380
15249000,1,283,-801,-32051,-6813,22390632,9969344
15266000,1,284,-819,-32767,0,25672851,5457213
15283000,1,285,-801,-32051,6813,26836173,0
15299000,1,286,-748,-29934,13328,25672851,-5457213
15316000,1,287,-663,-26509,19260,22390632,-9969344
15333000,1,288,-548,-21925,24351,17575467,-12769380
15349000,1,289,-410,-16384,28377,12014900,-13344348
15366000,1,290,-253,-10126,31163,6717440,-11634570
15383000,1,291,-86,-3425,32587,2561878,-7884239
15399000,1,292,86,3425,32587,294550,-2802482
15416000,1,293,253,10126,31163,294550,2802482
15433000,1,294,410,16384,28377,2561878,7884239
15449000,1,295,548,21925,24351,6717440,11634570
15466000,1,296,663,26509,19260,12014900,13344348
15483000,1,297,748,29934,13328,17575467,12769380
15499000,1,298,801,32051,6813,22390632,9969344
15516000,1,299,819,32767,0,25672851,5457213
15533000,1,300,801,32051,-6813,26836173,0
15549000,1,301,748,29934,-13328,25672851,-5457213
15566000,1,302,663,26509,-19260,22390632,-9969344
15583000,1,303,548,21925,-24351,17575467,-12769380
15599000,1,304,410,16384,-28377,12014900,-13344348
15616000,1,305,253,10126,-31163,6717440,-11634570
15633000,1,306,86,3425,-32587,2561878,-7884239
15649000,1,307,-86,-3425,-32587,294550,-2802482
15666000,1,308,-253,-10126,-31163,294550,2802482
15683000,1,309,-410,-16383,-28377,2561878,7884239
15699000,1,310,-548,-21925,-24351,6717030,11634570
15716000,1,311,-663,-26509,-19260,12014900,13344348
15733000,1,312,-748,-29934,-13328,17575467,12769380
15749000,1,313,-801,-32051,-6813,22390632,9969344
15766000,1,314,-819,-32767,0,25672851,5457213
15783000,1,315,-801,-32051,6813,26836173,0
15799000,1,316,-748,-29934,13328,25672851,-5457213
15816000,1,317,-663,-26509,19260,22390632,-9969344
15833000,1,318,-548,-21925,24351,17575467,-12769380
15849000,1,319,-410,-16384,28377,12014900,-13344348
15866000,1,320,-253,-10126,31163,6717440,-11634570
15883000,1,321,-86,-3425,32587,2561878,-7884239
15899000,1,322,86,3425,32587,294550,-2802482
15916000,1,323,253,10126,31163,294550,2802482
15933000,1,324,410,16384,28377,2561878,7884239
15949000,1,325,548,21925,24351,6717440,11634570
15966000,1,326,663,26509,19260,12014900,13344348
15983000,1,327,748,29934,13328,17575467,12769380
15999000,1,328,801,32051,6813,22390632,9969344
16016000,1,329,819,32767,0,25672851,5457213
16033000,1,330,801,32051,-6813,26836173,0
16049000,1,331,748,29934,-13328,25672851,-5457213
16066000,1,332,663,26509,-19260,22390632,-9969344
16083000,1,333,548,21925,-24351,17575467,-12769380
16099000,1,334,410,16384,-28377,12014900,-13344348
16116000,1,335,253,10126,-31163,6717440,-11634570
16133000,1,336,86,3425,-32587,2561878,-7884239
16149000,1,337,-86,-3425,-32587,294550,-2802482
16166000,1,338,-253,-10126,-31163,294550,2802482
16183000,1,339,-410,-16383,-28377,2561878,7884239
16199000,1,340,-548,-21925,-24351,6717030,11634570
16216000,1,341,-663,-26509,-19260,12014900,13344348
16233000,1,342,-748,-29934,-13328,17575467,12769380
16249000,1,343,-801,-32051,-6813,22390632,9969344
16266000,1,344,-819,-32767,0,25672851,5457213
16283000,1,345,-801,-32051,6813,26836173,0
16299000,1,346,-748,-29934,13328,25672851,-5457213
16316000,1,347,-663,-26509,19260,22390632,-9969344
16333000,1,348,-548,-21925,24351,17575467,-12769380
16349000,1,349,-410,-16384,28377,12014900,-13344348
16366000,1,350,-253,-10126,31163,6717440,-11634570
16383000,1,351,-86,-3425,32587,2561878,-7884239
16399000,1,352,86,3425,32587,294550,-2802482
16416000,1,353,253,10126,31163,294550,2802482
16433000,1,354,410,16384,28377,2561878,7884239
16449000,1,355,548,21925,24351,6717440,11634570
16466000,1,356,663,26509,19260,12014900,13344348
16483000,1,357,748,29934,13328,17575467,12769380
16499000,1,358,801,32051,6813,22390632,9969344
16516000,1,359,819,32767,0,25672851,5457213
16533000,1,360,801,32051,-6813,26836173,0
16549000,1,361,748,29934,-13328,25672851,-5457213
16566000,1,362,663,26509,-19260,22390632,-9969344
16583000,1,363,548,21925,-24351,17575467,-12769380
16599000,1,364,410,16384,-28377,12014900,-13344348
16616000,1,365,253,10126,-31163,6717440,-11634570
16633000,1,366,86,3425,-32587,2561878,-7884239
16649000,1,367,-86,-3425,-32587,294550,-2802482
16666000,1,368,-253,-10126,-31163,294550,2802482
16683000,1,369,-410,-16383,-28377,2561878,7884239
16699000,1,370,-548,-21925,-24351,6717030,11634570
16716000,1,371,-663,-26509,-19260,12014900,13344348
16733000,1,372,-748,-29934,-13328,17575467,12769380
16749000,1,373,-801,-32051,-6813,22390632,9969344
16766000,1,374,-819,-32767,0,25672851,5457213
16783000,1,375,-801,-32051,6813,26836173,0
16799000,1,376,-748,-29934,13328,25672851,-5457213
16816000,1,377,-663,-26509,19260,22390632,-9969344
16833000,1,378,-548,-21925,24351,17575467,-12769380
16849000,1,379,-410,-16384,28377,12014900,-13344348
16866000,1,380,-253,-10126,31163,6717440,-11634570
16883000,1,381,-86,-3425,32587,2561878,-7884239
16899000,1,382,86,3425,32587,294550,-2802482
16916000,1,383,253,10126,31163,294550,2802482
16933000,1,384,410,16384,28377,2561878,7884239
16949000,1,385,548,21925,24351,6717440,11634570
16966000,1,386,663,26509,19260,12014900,13344348
16983000,1,387,748,29934,13328,17575467,12769380
16999000,1,388,801,32051,6813,22390632,9969344
17016000,1,389,819,32767,0,25672851,5457213
17033000,1,390,801,32051,-6813,26836173,0
17049000,1,391,748,29934,-13328,25672851,-5457213
17066000,1,392,663,26509,-19260,22390632,-9969344
17083000,1,393,548,21925,-24351,17575467,-12769380
17099000,1,394,410,16384,-28377,12014900,-13344348
17116000,1,395,253,10126,-31163,6717440,-11634570
17133000,1,396,86,3425,-32587,2561878,-7884239
17149000,1,397,-86,-3425,-32587,294550,-2802482
17166000,1,398,-253,-10126,-31163,294550,2802482
17183000,1,399,-410,-16383,-28377,2561878,7884239
17199000,1,400,-548,-21925,-24351,6717030,11634570
17216000,1,401,-663,-26509,-19260,12014900,13344348
17233000,1,402,-748,-29934,-13328,17575467,12769380
17249000,1,403,-801,-32051,-6813,22390632,9969344
17266000,1,404,-819,-32767,0,25672851,5457213
17283000,1,405,-801,-32051,6813,26836173,0
17299000,1,406,-748,-29934,13328,25672851,-5457213
17316000,1,407,-663,-26509,19260,22390632,-9969344
17333000,1,408,-548,-21925,24351,17575467,-12769380
17349000,1,409,-410,-16384,28377,12014900,-13344348
17366000,1,410,-253,-10126,31163,6717440,-11634570
17383000,1,411,-86,-3425,32587,2561878,-7884239
17399000,1,412,86,3425,32587,294550,-2802482
17416000,1,413,253,10126,31163,294550,2802482
17433000,1,414,410,16384,28377,2561878,7884239
17449000,1,415,548,21925,24351,6717440,11634570
17466000,1,416,663,26509,19260,12014900,13344348
17483000,1,417,748,29934,13328,17575467,12769380
17499000,1,418,801,32051,6813,22390632,9969344
17516000,1,419,819,32767,0,25672851,5457213
17533000,1,420,801,32051,-6813,26836173,0
17549000,1,421,748,29934,-13328,25672851,-5457213
17566000,1,422,663,26509,-19260,22390632,-9969344
17583000,1,423,548,21925,-24351,17575467,-12769380
17599000,1,424,410,16384,-28377,12014900,-13344348
17616000,1,425,253,10126,-31163,6717440,-11634570
17633000,1,426,86,3425,-32587,2561878,-7884239
17649000,1,427,-86,-3425,-32587,294550,-2802482
17666000,1,428,-253,-10126,-31163,294550,2802482
17683000,1,429,-410,-16383,-28377,2561878,7884239
17699000,1,430,-548,-21925,-24351,6717030,11634570
17716000,1,431,-663,-26509,-19260,12014900,13344348
17733000,1,432,-748,-29934,-13328,17575467,12769380
17749000,1,433,-801,-32051,-6813,22390632,9969344
17766000,1,434,-819,-32767,0,25672851,5457213
17783000,1,435,-801,-32051,6813,26836173,0
17799000,1,436,-748,-29934,13328,25672851,-5457213
17816000,1,437,-663,-26509,19260,22390632,-9969344
17833000,1,438,-548,-21925,24351,17575467,-12769380
17849000,1,439,-410,-16384,28377,12014900,-13344348
17866000,1,440,-253,-10126,31163,6717440,-11634570
17883000,1,441,-86,-3425,32587,2561878,-7884239
17899000,1,442,86,3425,32587,294550,-2802482
17916000,1,443,253,10126,31163,294550,2802482
17933000,1,444,410,16384,28377,2561878,7884239
17949000,1,445,548,21925,24351,6717440,11634570
17966000,1,446,663,26509,19260,12014900,13344348
17983000,1,447,748,29934,13328,17575467,12769380
17999000,1,448,801,32051,6813,22390632,9969344
18016000,1,449,819,32767,0,25672851,5457213
18033000,1,450,801,32051,-6813,26836173,0
18049000,1,451,748,29934,-13328,25672851,-5457213
18066000,1,452,663,26509,-19260,22390632,-9969344
18083000,1,453,548,21925,-24351,17575467,-12769380
18099000,1,454,410,16384,-28377,12014900,-13344348
18116000,1,455,253,10126,-31163,6717440,-11634570
18133000,1,456,86,3425,-32587,2561878,-7884239
18149000,1,457,-86,-3425,-32587,294550,-2802482
18166000,1,458,-253,-10126,-31163,294550,2802482
18183000,1,459,-410,-16383,-28377,2561878,7884239
18199000,1,460,-548,-21925,-24351,6717030,11634570
18216000,1,461,-663,-26509,-19260,12014900,13344348
18233000,1,462,-748,-29934,-13328,17575467,12769380
18249000,1,463,-801,-32051,-6813,22390632,9969344
18266000,1,464,-819,-32767,0,25672851,5457213
18283000,1,465,-801,-32051,6813,26836173,0
18299000,1,466,-748,-29934,13328,25672851,-5457213
18316000,1,467,-663,-26509,19260,22390632,-9969344
18333000,1,468,-548,-21925,24351,17575467,-12769380
18349000,1,469,-410,-16384,28377,12014900,-13344348
18366000,1,470,-253,-10126,31163,6717440,-11634570
18383000,1,471,-86,-3425,32587,2561878,-7884239
18399000,1,472,86,3425,32587,294550,-2802482
18416000,1,473,253,10126,31163,294550,2802482
18433000,1,474,410,16384,28377,2561878,7884239
18449000,1,475,548,21925,24351,6717440,11634570
18466000,1,476,663,26509,19260,12014900,13344348
18483000,1,477,748,29934,13328,17575467,12769380
18499000,1,478,801,32051,6813,22390632,9969344
18516000,1,479,819,32767,0,25672851,5457213
18533000,1,480,801,32051,-6813,26836173,0
18549000,1,481,748,29934,-13328,25672851,-5457213
18566000,1,482,663,26509,-19260,22390632,-9969344
18583000,1,483,548,21925,-24351,17575467,-12769380
18599000,1,484,410,16384,-28377,12014900,-13344348
18616000,1,485,253,10126,-31163,6717440,-11634570
18633000,1,486,86,3425,-32587,2561878,-7884239
18649000,1,487,-86,-3425,-32587,294550,-2802482
18666000,1,488,-253,-10126,-31163,294550,2802482
18683000,1,489,-410,-16383,-28377,2561878,7884239
18699000,1,490,-548,-21925,-24351,6717030,11634570
18716000,1,491,-663,-26509,-19260,12014900,13344348
18733000,1,492,-748,-29934,-13328,17575467,12769380
18749000,1,493,-801,-32051,-6813,22390632,9969344
18766000,1,494,-819,-32767,0,25672851,5457213
18783000,1,495,-801,-32051,6813,26836173,0
18799000,1,496,-748,-29934,13328,25672851,-5457213
18816000,1,497,-663,-26509,19260,22390632,-9969344
18833000,1,498,-548,-21925,24351,17575467,-12769380
18849000,1,499,-410,-16384,28377,12014900,-13344348
18866000,1,500,-253,-10126,31163,6717440,-11634570
18883000,1,501,-86,-3425,32587,2561878,-7884239
18899000,1,502,86,3425,32587,294550,-2802482
18916000,1,503,253,10126,31163,294550,2802482
18933000,1,504,410,16384,28377,2561878,7884239
18949000,1,505,548,21925,24351,6717440,11634570
18966000,1,506,663,26509,19260,12014900,13344348
18983000,1,507,748,29934,13328,17575467,12769380
18999000,1,508,801,32051,6813,22390632,9969344
19016000,1,509,819,32767,0,25672851,5457213
19033000,1,510,801,32051,-6813,26836173,0
19049000,1,511,748,29934,-13328,25672851,-5457213
19066000,1,512,663,26509,-19260,22390632,-9969344
19083000,1,513,548,21925,-24351,17575467,-12769380
19099000,1,514,410,16384,-28377,12014900,-13344348
19116000,1,515,253,10126,-31163,6717440,-11634570
19133000,1,516,86,3425,-32587,2561878,-7884239
19149000,1,517,-86,-3425,-32587,294550,-2802482
19166000,1,518,-253,-10126,-31163,294550,2802482
19183000,1,519,-410,-16383,-28377,2561878,7884239
19199000,1,520,-548,-21925,-24351,6717030,11634570
19216000,1,521,-663,-26509,-19260,12014900,13344348
19233000,1,522,-748,-29934,-13328,17575467,12769380
19249000,1,523,-801,-32051,-6813,22390632,9969344
19266000,1,524,-819,-32767,0,25672851,5457213
19283000,1,525,-801,-32051,6813,26836173,0
19299000,1,526,-748,-29934,13328,25672851,-5457213
19316000,1,527,-663,-26509,19260,22390632,-9969344
19333000,1,528,-548,-21925,24351,17575467,-12769380
19349000,1,529,-410,-16384,28377,12014900,-13344348
19366000,1,530,-253,-10126,31163,6717440,-11634570
19383000,1,531,-86,-3425,32587,2561878,-7884239
19399000,1,532,86,3425,32587,294550,-2802482
19416000,1,533,253,10126,31163,294550,2802482
19433000,1,534,410,16384,28377,2561878,7884239
19449000,1,535,548,21925,24351,6717440,11634570
19466000,1,536,663,26509,19260,12014900,13344348
19483000,1,537,748,29934,13328,17575467,12769380
19499000,1,538,801,32051,6813,22390632,9969344
19516000,1,539,819,32767,0,25672851,5457213
19533000,1,540,801,32051,-6813,26836173,0
19549000,1,541,748,29934,-13328,25672851,-5457213
19566000,1,542,663,26509,-19260,22390632,-9969344
19583000,1,543,548,21925,-24351,17575467,-12769380
19599000,1,544,410,16384,-28377,12014900,-13344348
19616000,1,545,253,10126,-31163,6717440,-11634570
19633000,1,546,86,3425,-32587,2561878,-7884239
19649000,1,547,-86,-3425,-32587,294550,-2802482
19666000,1,548,-253,-10126,-31163,294550,2802482
19683000,1,549,-410,-16383,-28377,2561878,7884239
19699000,1,550,-548,-21925,-24351,6717030,11634570
19716000,1,551,-663,-26509,-19260,12014900,13344348
19733000,1,552,-748,-29934,-13328,17575467,12769380
19749000,1,553,-801,-32051,-6813,22390632,9969344
19766000,1,554,-819,-32767,0,25672851,5457213
19783000,1,555,-801,-32051,6813,26836173,0
19799000,1,556,-748,-29934,13328,25672851,-5457213
19816000,1,557,-663,-26509,19260,22390632,-9969344
19833000,1,558,-548,-21925,24351,17575467,-12769380
19849000,1,559,-410,-16384,28377,12014900,-13344348
19866000,1,560,-253,-10126,31163,6717440,-11634570
19883000,1,561,-86,-3425,32587,2561878,-7884239
19899000,1,562,86,3425,32587,294550,-2802482
19916000,1,563,253,10126,31163,294550,2802482
19933000,1,564,410,16384,28377,2561878,7884239
19949000,1,565,548,21925,24351,6717440,11634570
19966000,1,566,663,26509,19260,12014900,13344348
19983000,1,567,748,29934,13328,17575467,12769380
19999000,1,568,801,32051,6813,22390632,9969344
20016000,1,569,819,32767,0,25672851,5457213
20033000,1,570,801,32051,-6813,26836173,0
20049000,1,571,748,29934,-13328,25672851,-5457213
20066000,1,572,663,26509,-19260,22390632,-9969344
20083000,1,573,548,21925,-24351,17575467,-12769380
20099000,1,574,410,16384,-28377,12014900,-13344348
20116000,1,575,253,10126,-31163,6717440,-11634570
20133000,1,576,86,3425,-32587,2561878,-7884239
20149000,1,577,-86,-3425,-32587,294550,-2802482
20166000,1,578,-253,-10126,-31163,294550,2802482
20183000,1,579,-410,-16383,-28377,2561878,7884239
20199000,1,580,-548,-21925,-24351,6717030,11634570
20216000,1,581,-663,-26509,-19260,12014900,13344348
20233000,1,582,-748,-29934,-13328,17575467,12769380
20249000,1,583,-801,-32051,-6813,22390632,9969344
20266000,1,584,-819,-32767,0,25672851,5457213
20283000,1,585,-801,-32051,6813,26836173,0
20299000,1,586,-748,-29934,13328,25672851,-5457213
20316000,1,587,-663,-26509,19260,22390632,-9969344
20333000,1,588,-548,-21925,24351,17575467,-12769380
20349000,1,589,-410,-16384,28377,12014900,-13344348
20366000,1,590,-253,-10126,31163,6717440,-11634570
20383000,1,591,-86,-3425,32587,2561878,-7884239
20399000,1,592,86,3425,32587,294550,-2802482
20416000,1,593,253,10126,31163,294550,2802482
20433000,1,594,410,16384,28377,2561878,7884239
20449000,1,595,548,21925,24351,6717440,11634570
20466000,1,596,663,26509,19260,12014900,13344348
20483000,1,597,748,29934,13328,17575467,12769380
20499000,1,598,801,32051,6813,22390632,9969344
20516000,1,599,819,32767,0,25672851,5457213
